id,name,model_id:id,group_id:id,perm_read,perm_write,perm_create,perm_unlink
access_purchase_order_shipment,purchase.order,model_purchase_order_shipment,purchase.group_purchase_user,1,1,1,1
access_purchase_order_shipment_manager,purchase.order,model_purchase_order_shipment,purchase.group_purchase_manager,1,1,1,1

access_purchase_order.shipment_line,purchase.order.line user,model_purchase_order_shipment_line,purchase.group_purchase_user,1,1,1,1
access_purchase_order.shipment_line_manager,purchase.order.line,model_purchase_order_shipment_line,purchase.group_purchase_manager,1,1,1,1