<?xml version="1.0" encoding="utf-8"?>
<odoo>
    <data noupdate="1">

        <!-- Sequences for crm.lead -->
        <record id="seq_pq_crm_lead" model="ir.sequence">
            <field name="name">Enquiry</field>
            <field name="code">crm.lead</field>
            <field name="prefix">ENQ</field>
            <field name="padding">5</field>
            <field name="company_id" eval="False"/>
        </record>

        <!-- Sequences for RFQ (Purchase Order) -->
        <record id="seq_pq_rfq_purchaseoder" model="ir.sequence">
            <field name="name">RFQ</field>
            <field name="code">rfq.order</field>
            <field name="prefix">RFQ</field>
            <field name="padding">5</field>
            <field name="company_id" eval="False"/>
        </record>

        <!-- Sequences for Internal (Sale Order) -->
        <record id="seq_pq_internal_saleoder" model="ir.sequence">
            <field name="name">Internal Quotation</field>
            <field name="code">internal.sale.order</field>
            <field name="prefix">IQ</field>
            <field name="padding">5</field>
            <field name="company_id" eval="False"/>
        </record>

    </data>
</odoo>