<?xml version="1.0" encoding="UTF-8"?>
<odoo>
    <data noupdate="1">


        <!--Enquiry: Submitted-->
        <record id="email_enquiry_submit" model="mail.template">
            <field name="name">Pantaq: Enquiry Submitted</field>
            <field name="model_id" ref="crm.model_crm_lead"/>
            <field name="subject"><![CDATA[Enquiry Submitted (Ref: ${object.enq_number})]]></field>
            <field name="body_html"><![CDATA[
    <p>
        Enquiry ${object.enq_number} has been submitted by sales department.
    </p>
    </br>
    <p>Best regards,</p>
    ${user.signature | safe}
    <p style="font-size: 11px; margin-top: 10px;">
        <strong>Sent by ${user.company_id.name} using <a href="www.odoo.com" style="text-decoration:none; color: #875A7B;">Odoo</a></strong>
    </p>
]]></field>
        </record>

        <!--Enquiry: Submission Acknowledgement-->
        <record id="email_enquiry_submit_acknowledgement" model="mail.template">
            <field name="name">Pantaq: Enquiry Submission Acknowledgement</field>
            <field name="model_id" ref="crm.model_crm_lead"/>
            <field name="subject"><![CDATA[Enquiry Submission Acknowledgement (Ref: ${object.enq_number})]]></field>
            <field name="body_html"><![CDATA[
    <p>
        Enquiry ${object.enq_number} has been submitted successfully.<br/>
        Note: Submitted enquiries can be updated/cancelled before procurement team starts working.
    </p>
    </br>
    <p>Best regards,</p>
    ${user.signature | safe}
    <p style="font-size: 11px; margin-top: 10px;">
        <strong>Sent by ${user.company_id.name} using <a href="www.odoo.com" style="text-decoration:none; color: #875A7B;">Odoo</a></strong>
    </p>
]]></field>
        </record>

        <!--Enquiry: Cancelled-->
        <record id="email_enquiry_cancelled" model="mail.template">
            <field name="name">Pantaq: Enquiry Cancelled</field>
            <field name="model_id" ref="crm.model_crm_lead"/>
            <field name="subject"><![CDATA[Enquiry Cancelled (Ref: ${object.enq_number})]]></field>
            <field name="body_html"><![CDATA[
    <p>
        Enquiry ${object.enq_number} has been cancelled by ${user.name}.<br/>
        Reason for Cancellation: ${object.lost_reason.name}.
    </p>
    <p>Best regards,</p>
    ${user.signature | safe}
    <p style="font-size: 11px; margin-top: 10px;">
        <strong>Sent by ${user.company_id.name} using <a href="www.odoo.com" style="text-decoration:none; color: #875A7B;">Odoo</a></strong>
    </p>
]]></field>
        </record>

        <!--Enquiry: Cancellation Request-->
        <record id="email_enquiry_cancellation_request" model="mail.template">
            <field name="name">Pantaq: Enquiry Cancellation Request</field>
            <field name="model_id" ref="crm.model_crm_lead"/>
            <field name="subject"><![CDATA[Enquiry Cancellation Request (Ref: ${object.enq_number})]]></field>
            <field name="body_html"><![CDATA[
    <p>
        Sales department has requested to cancel the Enquiry ${object.enq_number}.<br/>
        Note/Reason: ${object.lost_reason.name}.
    </p>
    <p>Best regards,</p>
    ${user.signature | safe}
    <p style="font-size: 11px; margin-top: 10px;">
        <strong>Sent by ${user.company_id.name} using <a href="www.odoo.com" style="text-decoration:none; color: #875A7B;">Odoo</a></strong>
    </p>
]]></field>
        </record>

        <!--Enquiry: Assigned-->
        <record id="email_enquiry_assigned" model="mail.template">
            <field name="name">Pantaq: Enquiry Assigned</field>
            <field name="model_id" ref="crm.model_crm_lead"/>
            <field name="subject"><![CDATA[Enquiry Assigned (Ref: ${object.enq_number})]]></field>
            <field name="body_html"><![CDATA[
    <p style="margin: 0px;">
    <span style="margin-top: 8px;">You have been assigned to the enquiry ${object.enq_number}.</span>
    </p>
    </br>
    <p>Best regards,</p>
    ${user.signature | safe}
    <p style="font-size: 11px; margin-top: 10px;">
        <strong>Sent by ${user.company_id.name} using <a href="www.odoo.com" style="text-decoration:none; color: #875A7B;">Odoo</a></strong>
    </p>
]]></field>
        </record>

        <!--Enquiry: Transfer Request-->
        <record id="email_enquiry_transfer_request" model="mail.template">
            <field name="name">Pantaq: Enquiry Transfer Request [PM]</field>
            <field name="model_id" ref="crm.model_crm_lead"/>
            <field name="subject"><![CDATA[Enquiry Transfer Request (Ref: ${object.enq_number})]]></field>
            <field name="body_html"><![CDATA[
    <p style="margin: 0px;">
    <span style="margin-top: 8px;">${user.name} has requested to transfer the Enquiry ${object.enq_number}.</span>
    </p>
    </br>
    <p>Best regards,</p>
    ${user.signature | safe}
    <p style="font-size: 11px; margin-top: 10px;">
        <strong>Sent by ${user.company_id.name} using <a href="www.odoo.com" style="text-decoration:none; color: #875A7B;">Odoo</a></strong>
    </p>
]]></field>
        </record>

        <!--Enquiry: Transfer Request Accepted-->
        <record id="email_enquiry_transfer_request_accepted" model="mail.template">
            <field name="name">Pantaq: Enquiry Transfer Request Accepted [PM]</field>
            <field name="model_id" ref="crm.model_crm_lead"/>
            <field name="subject"><![CDATA[Enquiry transferred successfully (Ref: ${object.enq_number})]]></field>
            <field name="body_html"><![CDATA[
    <p style="margin: 0px;">
    <span style="margin-top: 8px;">Enquiry ${object.enq_number} transfer request has been accepted by ${user.name}.</span>
    </p>
    </br>
    <p>Best regards,</p>
    ${user.signature | safe}
    <p style="font-size: 11px; margin-top: 10px;">
        <strong>Sent by ${user.company_id.name} using <a href="www.odoo.com" style="text-decoration:none; color: #875A7B;">Odoo</a></strong>
    </p>
]]></field>
        </record>

        <!--Enquiry: No Longer Valid-->
        <record id="email_enquiry_transferred" model="mail.template">
            <field name="name">Pantaq: Enquiry No Longer Valid [PE]</field>
            <field name="model_id" ref="crm.model_crm_lead"/>
            <field name="subject"><![CDATA[Enquiry No Longer Valid (Ref: ${object.enq_number})]]></field>
            <field name="body_html"><![CDATA[
    <p style="margin: 0px;">
    <span style="margin-top: 8px;">Enquiry ${object.enq_number} no longer valid, no further action required.</span>
    </p>
    </br>
    <p>Best regards,</p>
    ${user.signature | safe}
    <p style="font-size: 11px; margin-top: 10px;">
        <strong>Sent by ${user.company_id.name} using <a href="www.odoo.com" style="text-decoration:none; color: #875A7B;">Odoo</a></strong>
    </p>
]]></field>
        </record>

        <!--Enquiry: Transfer Request Rejected-->
        <record id="email_enquiry_transfer_request_rejected" model="mail.template">
            <field name="name">Pantaq: Enquiry Transfer Request Rejected [PM]</field>
            <field name="model_id" ref="crm.model_crm_lead"/>
            <field name="subject"><![CDATA[Enquiry Transfer Request Rejected (Ref: ${object.enq_number})]]></field>
            <field name="body_html"><![CDATA[
    <p style="margin: 0px;">
    <span style="margin-top: 8px;">Enquiry ${object.enq_number} transfer request has been rejected by ${user.name}.</span>
    </p>
    </br>
    <p>Best regards,</p>
    ${user.signature | safe}
    <p style="font-size: 11px; margin-top: 10px;">
        <strong>Sent by ${user.company_id.name} using <a href="www.odoo.com" style="text-decoration:none; color: #875A7B;">Odoo</a></strong>
    </p>
]]></field>
        </record>


        <!--
            IQ: Submitted
                Not needed any more

        <record id="email_intqtn_submit" model="mail.template">
            <field name="name">Pantaq: IQ Submitted</field>
            <field name="model_id" ref="Pantaq.model_internal_order"/>
            <field name="subject"><![CDATA[Re: ${object.name} (Ref:  ${object.lead_id.enq_number})]]></field>
            <field name="body_html"><![CDATA[
<div style="padding:0px;width:600px;margin:auto;background: #FFFFFF repeat top /100%;color:#777777">

    <p>
        Internal Quotation ${object.name} has been submitted by ${user.name}.
    </p>
    </br>
    <p>Best regards,</p>
</div>
<div style="padding:0px;width:600px;margin:auto; margin-top: 10px; background: #fff repeat top /100%;color:#777777">
    ${user.signature | safe}
    <p style="font-size: 11px; margin-top: 10px;">
        <strong>Sent by ${user.company_id.name} using <a href="www.odoo.com" style="text-decoration:none; color: #875A7B;">Odoo</a></strong>
    </p>
</div>]]></field>
        </record>
         -->


        <!--
            IQ: Revised
                Not needed any more

        <record id="email_intqtn_revised" model="mail.template">
            <field name="name">Pantaq: IQ Revised</field>
            <field name="model_id" ref="Pantaq.model_internal_order"/>
            <field name="subject"><![CDATA[Re: ${object.name} (Ref:  ${object.lead_id.enq_number})]]></field>
            <field name="body_html"><![CDATA[
<div style="padding:0px;width:600px;margin:auto;background: #FFFFFF repeat top /100%;color:#777777">

    <p>
        Internal Quotation ${object.name} has been revised by ${user.name}.
    </p>
    </br>
    <p>Best regards,</p>
</div>
<div style="padding:0px;width:600px;margin:auto; margin-top: 10px; background: #fff repeat top /100%;color:#777777">
    ${user.signature | safe}
    <p style="font-size: 11px; margin-top: 10px;">
        <strong>Sent by ${user.company_id.name} using <a href="www.odoo.com" style="text-decoration:none; color: #875A7B;">Odoo</a></strong>
    </p>
</div>]]></field>
        </record>
        -->

        <!--
            IQ: Rejected
                Not needed any more

        <record id="email_intqtn_rejected" model="mail.template">
            <field name="name">Pantaq: IQ Rejected</field>
            <field name="model_id" ref="Pantaq.model_internal_order"/>
            <field name="subject"><![CDATA[Re: ${object.name} (Ref:  ${object.lead_id.enq_number})]]></field>
            <field name="body_html"><![CDATA[
<div style="padding:0px;width:600px;margin:auto;background: #FFFFFF repeat top /100%;color:#777777">

    <p>
        Internal Quotation ${object.name} has been rejected by ${user.name}.
    </p>
    </br>
    <p>Best regards,</p>
</div>
<div style="padding:0px;width:600px;margin:auto; margin-top: 10px; background: #fff repeat top /100%;color:#777777">
    ${user.signature | safe}
    <p style="font-size: 11px; margin-top: 10px;">
        <strong>Sent by ${user.company_id.name} using <a href="www.odoo.com" style="text-decoration:none; color: #875A7B;">Odoo</a></strong>
    </p>
</div>]]></field>
        </record>
        -->

        <!--
            IQ: Cancelled
                 Note needed any more
        <record id="email_intqtn_cancelled" model="mail.template">
            <field name="name">Pantaq: IQ Cancelled</field>
            <field name="model_id" ref="Pantaq.model_internal_order"/>
            <field name="subject"><![CDATA[Re: ${object.name} (Ref:  ${object.lead_id.enq_number})]]></field>
            <field name="body_html"><![CDATA[
<div style="padding:0px;width:600px;margin:auto;background: #FFFFFF repeat top /100%;color:#777777">

    <p>
        Internal Quotation ${object.name} has been cancelled by ${user.name}.
    </p>
    </br>
    <p>Best regards,</p>
</div>
<div style="padding:0px;width:600px;margin:auto; margin-top: 10px; background: #fff repeat top /100%;color:#777777">
    ${user.signature | safe}
    <p style="font-size: 11px; margin-top: 10px;">
        <strong>Sent by ${user.company_id.name} using <a href="www.odoo.com" style="text-decoration:none; color: #875A7B;">Odoo</a></strong>
    </p>
</div>]]></field>
        </record>
         -->



        <!--
            IQ: Need Approval
         -->
        <!--<record id="email_needapproval_intqtn" model="mail.template">
            <field name="name">Pantaq: Need Approval for IQ</field>
            <field name="model_id" ref="Pantaq.model_internal_order"/>
            <field name="subject"><![CDATA[Need Approval for IQ]]></field>
            <field name="body_html"><![CDATA[
<div style="padding:0px;width:600px;margin:auto;background: #FFFFFF repeat top /100%;color:#777777">

    <p>

        Margin set by ${user.name} in the Internal Quotation ${object.name} needs your approval.
    </p>
    <p>Best regards,</p>
</div>
<div style="padding:0px;width:600px;margin:auto; margin-top: 10px; background: #fff repeat top /100%;color:#777777">
    ${user.signature | safe}
    <p style="font-size: 11px; margin-top: 10px;">
        <strong>Sent by ${user.company_id.name} using <a href="www.odoo.com" style="text-decoration:none; color: #875A7B;">Odoo</a></strong>
    </p>
</div>]]></field>
        </record>-->

        <!--
            Invoice: Quoted Approved
         -->
        <!--<record id="email_quotes_approved" model="mail.template">
            <field name="name">Pantaq: Notify Approved Quotes to Procurement</field>
            <field name="model_id" ref="Pantaq.model_account_invoice"/>
            <field name="subject"><![CDATA[Quotes Approved/Invoiced]]></field>
            <field name="body_html"><![CDATA[
<div style="padding:0px;width:600px;margin:auto;background: #FFFFFF repeat top /100%;color:#777777">

    <p>

        Following Quotes are approved.
    </p>
    <p>Best regards,</p>
</div>
<div style="padding:0px;width:600px;margin:auto; margin-top: 10px; background: #fff repeat top /100%;color:#777777">
    ${user.signature | safe}
    <p style="font-size: 11px; margin-top: 10px;">
        <strong>Sent by ${user.company_id.name} using <a href="www.odoo.com" style="text-decoration:none; color: #875A7B;">Odoo</a></strong>
    </p>
</div>]]></field>
        </record>-->




    </data>
</odoo>