<?xml version="1.0" encoding="utf-8"?>
<odoo>
    <data noupdate="1">
        <record id="purchase.email_template_edi_purchase" model="mail.template">
            <field name="name">Purchase Order: Send RFQ</field>
            <field name="model_id" ref="purchase.model_purchase_order"/>
            <field name="subject">${object.company_id.name} Order (Ref ${object.name or 'n/a' })</field>
            <field name="email_from">${object.sudo().create_uid.email_formatted | safe}</field>
            <field name="partner_to">${object.partner_id.id}</field>
            <field name="body_html" type="html">
<div style="margin: 0px; padding: 0px;">
    <p style="margin: 0px; padding: 0px; font-size: 13px;">
        Dear ${object.partner_id.name},
        <br/><br/>
        Please submit your most competitive price for the supply of the attached items, all in accordance with specification, terms and conditions of this RFQ. Please furnish all the information as requested and submit your offer on or before the closing date.
        <br/>
        We look forward to hear from you soon with the best offer.
        <br/><br/>
        <p>Thanks &amp; Regards,</p>
        ${user.signature | safe}

    </p>
</div></field>
            
        <field name="report_template" ref="purchase.report_purchase_quotation"/>
            <field name="report_name">RFQ_${(object.name or '').replace('/','_')}</field>
            <field name="lang">${object.partner_id.lang}</field>
            <field name="user_signature" eval="False"/>
            <field name="auto_delete" eval="True"/>
        </record>

        <record id="purchase.email_template_edi_purchase_done" model="mail.template">
            <field name="name">Purchase Order: Send PO</field>
            <field name="model_id" ref="purchase.model_purchase_order"/>
            <field name="subject">${object.company_id.name} Order (Ref ${object.name or 'n/a' })</field>
            <field name="email_from">${object.sudo().create_uid.email_formatted | safe}</field>
            <field name="partner_to">${object.partner_id.id}</field>
            <field name="body_html" type="html">
<div style="margin: 0px; padding: 0px;">
    <p style="margin: 0px; padding: 0px; font-size: 13px;">
        Dear ${object.partner_id.name},
        <br/><br/>
        On behalf of ${object.company_id.name}. I would like to confirm our new order <strong>${object.name}</strong>. The purchase order has been attached for your kind perusal. The specified items on the list must be delivered on or before the mentioned date. No delay will be entertained. All terms and conditions related to the order are clearly mentioned in the attached PO.
        <br/><br/>
        I request you to proceed with the order from your end as soon as possible, as failing to which we may cost trade constraint. We wish to continue trade with your company in the coming years.
        <br/>
        Thank you for your kind understanding. Kindly feel free to contact me for any further clarification regarding this purchase order.
        <br/><br/>
        <p>Thanks &amp; Regards,</p>
        ${user.signature | safe}
    </p>
</div></field>
            <field name="report_template" ref="purchase.action_report_purchase_order"/>
            <field name="report_name">PO_${(object.name or '').replace('/','_')}</field>
            <field name="lang">${object.partner_id.lang}</field>
            <field name="user_signature" eval="False"/>
            <field name="auto_delete" eval="True"/>
        </record>
    </data>
</odoo>
